<?xml version="1.0" encoding="UTF-8"?>
<project-private xmlns="http://www.netbeans.org/ns/project-private/1">
    <editor-bookmarks xmlns="http://www.netbeans.org/ns/editor-bookmarks/2" lastBookmarkId="0"/>
    <open-files xmlns="http://www.netbeans.org/ns/projectui-open-files/2">
        <group>
            <file>file:/C:/Users/hdavi/Documents/GitHub/ProyectoTriangulo_Compiladores/Codigo/ide-triangle-v1.1.src/src/Triangle/ContextualAnalyzer/Checker.java</file>
            <file>file:/C:/Users/hdavi/Documents/GitHub/ProyectoTriangulo_Compiladores/Codigo/ide-triangle-v1.1.src/src/Triangle/AbstractSyntaxTrees/ConstFormalParameter.java</file>
            <file>file:/C:/Users/hdavi/Documents/GitHub/ProyectoTriangulo_Compiladores/Codigo/ide-triangle-v1.1.src/src/Triangle/AbstractSyntaxTrees/ConstActualParameter.java</file>
        </group>
    </open-files>
</project-private>
